"Condition","Program","Spots","Mean_Score","Median_Score","SD_Score","Q25","Q75"
"Sham","B cells",1657,0.00308507723069133,0,0.0100578235025801,0,0
"2W","B cells",2040,0.00248941422625851,0,0.00783576009180084,0,0
"4W","B cells",1212,0.00483997317738116,0,0.0131853941260785,0,0
"6W","B cells",2170,0.00419490913228396,0,0.011406251451438,0,0
"Sham","Cardiomyocytes",1657,1.37298753106147,1.3797225230249,0.0829602089235454,1.3232607010184,1.43013286636321
"2W","Cardiomyocytes",2040,1.47989830394587,1.48150952680575,0.0528965357449773,1.44670632093122,1.51523973390224
"4W","Cardiomyocytes",1212,1.53501521003509,1.53520653388126,0.0592162426398604,1.49417889495259,1.57375805877218
"6W","Cardiomyocytes",2170,1.52774199558804,1.53515966244639,0.0657500796540552,1.48923124521013,1.5712365014802
"Sham","Dendritic cells",1657,0.00458373120480535,0,0.0120097306300474,0,0
"2W","Dendritic cells",2040,0.00485463635723519,0,0.0107385712255712,0,0.00896628004023845
"4W","Dendritic cells",1212,0.00382879554323281,0,0.00828666042357121,0,0.00687428193297809
"6W","Dendritic cells",2170,0.00324135184657957,0,0.0088166262404811,0,0
"Sham","Endothelial cells",1657,0.206616947475906,0.210325329654941,0.0843822331412818,0.154583911343423,0.262839113469431
"2W","Endothelial cells",2040,0.208643159123197,0.206327417560053,0.0540823014613786,0.171962082704676,0.243725222225347
"4W","Endothelial cells",1212,0.251919255928089,0.250885261384585,0.0674902687924966,0.209719691868127,0.293007558197592
"6W","Endothelial cells",2170,0.26240831584748,0.265553599280018,0.0848936032858015,0.211526607301933,0.319712158582634
"Sham","Erythroid cells",1657,0.450194972990961,0.401841138661664,0.162934267833906,0.325246461703422,0.547422032319166
"2W","Erythroid cells",2040,0.488478070552223,0.448050355010938,0.150829175410844,0.375772295104915,0.569784789343814
"4W","Erythroid cells",1212,0.3211575211328,0.296988506439139,0.118147934673704,0.234701524888698,0.383497236377184
"6W","Erythroid cells",2170,0.402575172775173,0.37827603069673,0.135367817617672,0.305301204851096,0.47061898498475
"Sham","Fibroblasts",1657,0.103924683054047,0.0982207550195078,0.054877861777767,0.066697556255651,0.134655795755475
"2W","Fibroblasts",2040,0.106759049954724,0.101135533688807,0.0433692502145778,0.0752211662338866,0.132586430112399
"4W","Fibroblasts",1212,0.138550436876188,0.13096593102507,0.0526577731577727,0.103192526685541,0.166273164502876
"6W","Fibroblasts",2170,0.115049419149473,0.112532566548381,0.0483804105987656,0.0830436465149488,0.142606357302407
"Sham","Macrophages",1657,0.0660279916774177,0.0541286675005465,0.0576724418862561,0.0273726683464605,0.0905490352356817
"2W","Macrophages",2040,0.0731288719720124,0.0622063655400199,0.0499685949491657,0.038569688814034,0.0958435383446441
"4W","Macrophages",1212,0.12325664557193,0.111729005540853,0.0703787980656406,0.0744798352772842,0.160308399059208
"6W","Macrophages",2170,0.0961498772935147,0.087753669622738,0.0566745932919493,0.0572965153174379,0.127731457371591
"Sham","Monocytes",1657,0.0027316685767553,0,0.00782567642368437,0,0
"2W","Monocytes",2040,0.0030278055398344,0,0.00640739978061828,0,0
"4W","Monocytes",1212,0.00985665875204525,0.00758240432787984,0.0130959807742733,0,0.0157077691338597
"6W","Monocytes",2170,0.006120257693156,0,0.0109712337468627,0,0.00889377213084831
"Sham","Myeloid cells",1657,0.00277637743378308,0,0.00855605522546274,0,0
"2W","Myeloid cells",2040,0.00196342927415149,0,0.00579599121865525,0,0
"4W","Myeloid cells",1212,0.000953930177738846,0,0.00473272235735861,0,0
"6W","Myeloid cells",2170,0.0107468932418419,0,0.0170572290545301,0,0.0168453724827665
"Sham","NK cells",1657,0.000780874637497309,0,0.00413518682301953,0,0
"2W","NK cells",2040,0.00117458105500084,0,0.00497558541078664,0,0
"4W","NK cells",1212,0.00312768953029913,0,0.00913572414205995,0,0
"6W","NK cells",2170,0.00413174880047196,0,0.0109218452932602,0,0
"Sham","Neutrophils",1657,0.00617632001808665,0,0.0202646043089881,0,0
"2W","Neutrophils",2040,0.00161898601633122,0,0.00922105143447659,0,0
"4W","Neutrophils",1212,0.0185198925284392,0.00815537922085897,0.0358310784159731,0,0.0217431496053003
"6W","Neutrophils",2170,0.00317678358651465,0,0.0136834768286201,0,0
"Sham","Pericytes",1657,0.171772322008724,0.169842153515692,0.0672535071370311,0.128747778768104,0.215801626373722
"2W","Pericytes",2040,0.196209135816291,0.195096749498141,0.0470745559388342,0.161337803949433,0.22595362400285
"4W","Pericytes",1212,0.191317446479485,0.188949801874116,0.0524795957209326,0.155534107872436,0.224154808394452
"6W","Pericytes",2170,0.202541395622499,0.203479107993134,0.0637058132384764,0.163059425464494,0.24178644269131
"Sham","Platelets",1657,0.0122459659562713,0,0.0162988268630647,0,0.0210475301659266
"2W","Platelets",2040,0.0147001612630172,0.0108849373030802,0.0197259015739104,0,0.0205053073452201
"4W","Platelets",1212,0.0124095129924852,0.00944657734148892,0.0135655359566418,0,0.0199799641124168
"6W","Platelets",2170,0.0219536873365074,0.0212254532681209,0.0206910007301333,0,0.0325582417980954
"Sham","Smooth muscle cells",1657,0.0292214224144355,0.0203726226201392,0.0451988010112885,0,0.0381256820961071
"2W","Smooth muscle cells",2040,0.0293199091327094,0.0229189758229002,0.0329702211391479,0.0115226601437048,0.0372900264127723
"4W","Smooth muscle cells",1212,0.029448743280443,0.0214700203160899,0.0377388023432011,0.00956893162437942,0.0363078196014871
"6W","Smooth muscle cells",2170,0.03338027579545,0.0272049372903397,0.0367208261925792,0.0126782363754981,0.0433614918072431
"Sham","T cells",1657,0.00210127622986363,0,0.00859855734628498,0,0
"2W","T cells",2040,0.00171845094576958,0,0.00537782634178667,0,0
"4W","T cells",1212,0.00539079842544648,0,0.0113048877150937,0,0.00838191369527497
"6W","T cells",2170,0.00641239918878083,0,0.0130393460598106,0,0.00854840509503152
