"Package","Version"
"abind","1.4-8"
"alabaster.base","1.10.0"
"alabaster.matrix","1.10.0"
"alabaster.ranges","1.10.0"
"alabaster.schemas","1.10.0"
"alabaster.se","1.10.0"
"AnnotationDbi","1.72.0"
"ape","5.8-1"
"aplot","0.3.1"
"askpass","1.2.1"
"assertthat","0.2.1"
"assorthead","1.4.0"
"babelgene","22.9"
"backports","1.5.1"
"base64enc","0.1-6"
"bcellViper","1.46.0"
"beachmat","2.26.0"
"beeswarm","0.4.0"
"BH","1.90.0-1"
"Biobase","2.70.0"
"BiocBaseUtils","1.12.0"
"BiocFileCache","3.0.0"
"BiocGenerics","0.56.0"
"BiocIO","1.20.0"
"BiocManager","1.30.27"
"BiocNeighbors","2.4.0"
"BiocParallel","1.44.0"
"BiocSingular","1.26.1"
"BiocVersion","3.22.0"
"Biostrings","2.78.0"
"bit","4.6.0"
"bit64","4.8.2"
"bitops","1.0-9"
"blob","1.3.0"
"bluster","1.20.0"
"brew","1.0-10"
"brio","1.1.5"
"broom","1.0.13"
"bsicons","0.1.2"
"bslib","0.11.0"
"cachem","1.1.0"
"Cairo","1.7-0"
"callr","3.7.6"
"car","3.1-5"
"carData","3.0-6"
"caTools","1.18.3"
"CellChat","2.2.0.9001"
"cellranger","1.1.0"
"cigarillo","1.0.0"
"circlize","0.4.18"
"cli","3.6.6"
"clipr","0.8.1"
"clue","0.3-68"
"clusterProfiler","4.18.4"
"coda","0.19-4.1"
"collapse","2.1.8"
"colorspace","2.1-3"
"commonmark","2.0.0"
"ComplexHeatmap","2.26.1"
"conflicted","1.2.0"
"corrplot","0.95"
"covr","3.6.5"
"cowplot","1.2.0"
"cpp11","0.5.5"
"crayon","1.5.3"
"credentials","2.0.3"
"crosstalk","1.2.2"
"curl","7.1.0"
"data.table","1.18.6.1"
"DBI","1.3.0"
"dbplyr","2.5.2"
"decoupleR","2.16.0"
"DelayedArray","0.36.1"
"DelayedMatrixStats","1.32.0"
"deldir","2.0-4"
"Deriv","4.3.5"
"desc","1.4.3"
"devtools","2.5.2"
"diffobj","0.3.9"
"digest","0.6.39"
"doBy","4.7.2"
"doParallel","1.0.17"
"dorothea","1.22.0"
"DOSE","4.4.0"
"dotCall64","1.2"
"downlit","0.4.5"
"dplyr","1.2.1"
"dqrng","0.4.1"
"DropletUtils","1.30.0"
"dtplyr","1.3.3"
"edgeR","4.8.2"
"ellipsis","0.3.3"
"enrichplot","1.30.5"
"evaluate","1.0.5"
"ExperimentHub","3.0.0"
"fansi","1.0.7"
"farver","2.1.2"
"fastDummies","1.7.6"
"fastmap","1.2.0"
"fastmatch","1.1-8"
"fgsea","1.36.2"
"filelock","1.0.3"
"fitdistrplus","1.2-6"
"FNN","1.1.4.1"
"fontawesome","0.5.3"
"fontBitstreamVera","0.1.1"
"fontLiberation","0.1.0"
"fontquiver","0.2.1"
"forcats","1.0.1"
"foreach","1.5.2"
"forecast","9.0.2"
"formatR","1.14"
"Formula","1.2-6"
"fracdiff","1.5-4"
"fs","2.1.0"
"futile.logger","1.4.9"
"futile.options","1.0.1"
"future","1.70.0"
"future.apply","1.20.2"
"gargle","1.6.1"
"gdtools","0.5.1"
"generics","0.1.4"
"GenomeInfoDb","1.46.2"
"GenomicAlignments","1.46.0"
"GenomicRanges","1.62.1"
"gert","2.4.1"
"GetoptLong","1.1.1"
"gg.gap","1.3"
"ggalluvial","0.12.6"
"ggbeeswarm","0.7.3"
"ggforce","0.5.0"
"ggfun","0.2.1"
"ggiraph","0.9.6"
"ggnetwork","0.5.14"
"ggnewscale","0.5.2"
"ggplot2","4.0.3"
"ggplotify","0.1.3"
"ggpubr","1.0.0"
"ggrastr","1.0.2"
"ggrepel","0.9.8"
"ggridges","0.5.7"
"ggsci","5.0.0"
"ggsignif","0.6.4"
"ggtangle","0.1.2"
"ggtree","4.0.5"
"gh","1.6.1"
"git2r","0.36.2"
"gitcreds","0.1.2"
"GlobalOptions","0.1.4"
"globals","0.19.1"
"glue","1.8.1"
"GO.db","3.22.0"
"goftest","1.2-3"
"googledrive","2.1.2"
"googlesheets4","1.1.2"
"GOSemSim","2.36.0"
"gplots","3.3.0"
"gridBase","0.4-7"
"gridExtra","2.3.1"
"gridGraphics","0.5-1"
"gson","0.2.1"
"gtable","0.3.6"
"gtools","3.9.5"
"gypsum","1.6.0"
"h5mread","1.2.1"
"harmony","2.0.5"
"haven","2.5.5"
"HDF5Array","1.38.0"
"here","1.0.2"
"highr","0.12"
"hms","1.1.4"
"htmltools","0.5.9"
"htmlwidgets","1.6.4"
"httpuv","1.6.17"
"httr","1.4.8"
"httr2","1.3.0"
"ica","1.0-3"
"ids","1.0.1"
"igraph","2.3.3"
"ini","0.3.1"
"IRanges","2.44.0"
"irlba","2.3.7"
"isoband","0.3.0"
"iterators","1.0.14"
"janitor","2.2.1"
"jquerylib","0.1.4"
"jsonlite","2.0.0"
"jsonvalidate","1.5.0"
"KEGGREST","1.50.0"
"knitr","1.51"
"labeling","0.4.3"
"lambda.r","1.2.4"
"later","1.4.8"
"lazyeval","0.2.3"
"lifecycle","1.0.5"
"limma","3.66.0"
"listenv","1.0.0"
"lme4","2.0-6"
"lmtest","0.9-40"
"locfit","1.5-9.12"
"lubridate","1.9.5"
"magick","2.9.1"
"magrittr","2.0.5"
"MatrixGenerics","1.22.0"
"MatrixModels","0.5-4"
"matrixStats","1.5.0"
"memoise","2.0.1"
"metapod","1.18.0"
"mime","0.13"
"miniUI","0.1.2"
"minqa","1.2.8"
"mockery","0.4.5"
"modelr","0.1.11"
"msigdbr","26.1.1"
"network","1.20.0"
"nloptr","2.2.1"
"NMF","0.28"
"numDeriv","2016.8-1.1"
"nycflights13","1.0.2"
"openssl","2.4.1"
"org.Mm.eg.db","3.22.0"
"otel","0.2.0"
"pak","0.11.1"
"parallelly","1.48.0"
"patchwork","1.3.2"
"pbapply","1.7-4"
"pbkrtest","0.5.5"
"pdftools","3.9.1"
"pheatmap","1.0.13"
"pillar","1.11.1"
"pingr","2.0.5"
"pkgbuild","1.4.8"
"pkgconfig","2.0.3"
"pkgdown","2.2.1"
"pkgload","1.5.3"
"plotly","4.12.0"
"plyr","1.8.9"
"png","0.1-9"
"polyclip","1.10-7"
"polynom","1.4-1"
"praise","1.0.0"
"prettyunits","1.2.0"
"processx","3.9.0"
"profvis","0.4.0"
"progress","1.2.3"
"progressr","1.0.0"
"promises","1.5.0"
"ps","1.9.3"
"purrr","1.2.2"
"qpdf","1.4.1"
"quantreg","6.1"
"qvalue","2.42.0"
"R.methodsS3","1.8.2"
"R.oo","1.27.1"
"R.utils","2.13.0"
"R6","2.6.1"
"ragg","1.5.2"
"RANN","2.6.2"
"rappdirs","0.3.4"
"rbibutils","2.4.1"
"rcmdcheck","1.4.0"
"RColorBrewer","1.1-3"
"Rcpp","1.1.2"
"RcppAnnoy","0.0.23"
"RcppArmadillo","15.4.0-1"
"RcppEigen","0.3.4.0.2"
"RcppHNSW","0.7.0"
"RcppML","0.3.7.1"
"RcppProgress","0.4.2"
"RcppTOML","0.2.3"
"RCurl","1.98-1.19"
"Rdpack","2.6.6"
"rdtools","0.1.0"
"readr","2.2.0"
"readxl","1.5.0"
"reformulas","0.4.4"
"registry","0.5-1"
"rematch","2.0.0"
"rematch2","2.1.2"
"remotes","2.5.0"
"reprex","2.1.1"
"reshape2","1.4.5"
"restfulr","0.0.17"
"reticulate","1.46.0"
"rex","1.2.2"
"rhdf5","2.54.1"
"rhdf5filters","1.22.0"
"Rhdf5lib","1.32.0"
"RhpcBLASctl","0.23-42"
"Rhtslib","3.6.0"
"rjson","0.2.23"
"rlang","1.2.0"
"rmarkdown","2.31"
"rngtools","1.5.2"
"ROCR","1.0-12"
"roxygen2","8.1.0"
"rprojroot","2.1.1"
"Rsamtools","2.26.0"
"RSpectra","0.16-2"
"RSQLite","3.53.3"
"rstatix","1.1.0"
"rstudioapi","0.18.0"
"rsvd","1.0.5"
"rtracklayer","1.70.1"
"Rtsne","0.17"
"rversions","3.0.0"
"rvest","1.0.5"
"S4Arrays","1.10.1"
"S4Vectors","0.48.1"
"S7","0.2.2"
"sass","0.4.10"
"ScaledMatrix","1.18.0"
"scales","1.4.0"
"scater","1.38.1"
"scattermore","1.2"
"scatterpie","0.2.6"
"scDblFinder","1.24.10"
"scran","1.38.1"
"sctransform","0.4.3"
"scuttle","1.20.0"
"selectr","0.5-1"
"Seqinfo","1.0.0"
"sessioninfo","1.2.4"
"Seurat","5.5.1"
"SeuratObject","5.4.0"
"shape","1.4.6.1"
"shiny","1.14.0"
"SingleCellExperiment","1.32.0"
"SingleR","2.12.0"
"sitmo","2.0.2"
"sna","2.8"
"snakecase","0.11.1"
"snow","0.4-4"
"sourcetools","0.1.7-2"
"sp","2.2-1"
"spam","2.11-4"
"SparseArray","1.10.10"
"SparseM","1.84-2"
"sparseMatrixStats","1.22.0"
"spatstat.data","3.1-9"
"spatstat.explore","3.8-1"
"spatstat.geom","3.8-1"
"spatstat.random","3.5-0"
"spatstat.sparse","3.2-0"
"spatstat.univar","3.2-0"
"spatstat.utils","3.2-4"
"statmod","1.5.2"
"statnet.common","4.13.0"
"stringi","1.8.7"
"stringr","1.6.0"
"SummarizedExperiment","1.40.0"
"svglite","2.2.2"
"sys","3.4.3"
"systemfonts","1.3.2"
"tensor","1.5.1"
"testthat","3.3.2"
"textshaping","1.0.5"
"tibble","3.3.1"
"tidydr","0.0.6"
"tidyr","1.3.2"
"tidyselect","1.2.1"
"tidytree","0.4.8"
"tidyverse","2.0.0"
"timechange","0.4.0"
"timeDate","4052.112"
"tinytex","0.59"
"treeio","1.34.0"
"tweenr","2.0.3"
"tzdb","0.5.0"
"UCSC.utils","1.6.1"
"urca","1.3-4"
"urlchecker","2.0.0"
"usethis","3.2.2"
"utf8","1.2.6"
"uuid","1.2-2"
"uwot","0.2.4"
"V8","8.2.0"
"vctrs","0.7.3"
"vipor","0.4.7"
"viridis","0.6.5"
"viridisLite","0.4.3"
"vroom","1.7.1"
"waldo","0.6.2"
"webfakes","1.5.0"
"whisker","0.4.1"
"withr","3.0.2"
"wordcloud","2.6"
"xfun","0.57"
"xgboost","3.2.1.1"
"XML","3.99-0.23"
"xml2","1.5.2"
"xopen","1.0.1"
"xtable","1.8-8"
"XVector","0.50.0"
"yaml","2.3.12"
"yulab.utils","0.2.5"
"zip","3.0.2"
"zoo","1.8-15"
"base","4.5.3"
"boot","1.3-32"
"class","7.3-23"
"cluster","2.1.8.2"
"codetools","0.2-20"
"compiler","4.5.3"
"datasets","4.5.3"
"foreign","0.8-91"
"graphics","4.5.3"
"grDevices","4.5.3"
"grid","4.5.3"
"KernSmooth","2.23-26"
"lattice","0.22-9"
"MASS","7.3-65"
"Matrix","1.7-4"
"methods","4.5.3"
"mgcv","1.9-4"
"nlme","3.1-168"
"nnet","7.3-20"
"parallel","4.5.3"
"rpart","4.1.24"
"spatial","7.3-18"
"splines","4.5.3"
"stats","4.5.3"
"stats4","4.5.3"
"survival","3.8-6"
"tcltk","4.5.3"
"tools","4.5.3"
"translations","4.5.3"
"utils","4.5.3"
